1892,Jane,c,1,Delivered
2058,Liam,b,3,In Transit
3201,Olivia,c,2,Delayed
4117,Noah,d,4,Delivered
5912,Emma,e,5,In Transit
6324,Oliver,f,1,Delayed
7468,Ava,g,3,Delivered
8234,Elijah,e,2,In Transit
9305,Isabella,b,1,Delivered
1047,James,c,5,Delayed
1123,Sophia,d,3,Delivered
1219,Benjamin,e,2,In Transit
1367,Charlotte,f,4,Delivered
1498,Lucas,g,1,Delayed
1534,Amelia,f,5,In Transit
1693,Mason,b,2,Delivered
1705,Mia,c,3,Delayed
1856,Ethan,d,4,In Transit
1990,Harper,e,5,Delivered
2104,Logan,f,1,Delayed
2248,Evelyn,g,2,In Transit
2396,Alexander,d,3,Delivered
2401,Abigail,b,4,Delayed
2552,Jacob,c,2,In Transit
2634,Emily,d,5,Delivered
2717,Michael,e,1,In Transit
2839,Elizabeth,f,3,Delayed
2974,Daniel,g,4,Delivered
3045,Sofia,c,2,In Transit
3189,Henry,b,1,Delayed
3290,Avery,c,3,Delivered
3411,Jackson,d,5,In Transit
3570,Madison,e,2,Delivered
3634,Sebastian,f,4,Delayed
3765,Luna,g,3,Delivered
3881,Jack,d,1,In Transit
3943,Chloe,b,5,Delayed
4072,Levi,c,2,Delivered
4159,Grace,d,4,In Transit
4291,David,e,3,Delayed
4388,Ellie,f,1,Delivered
4490,Joseph,g,5,In Transit
4592,Scarlett,c,4,Delayed
4705,Samuel,b,2,Delivered
4860,Zoey,c,1,In Transit
4933,Owen,d,5,Delayed
5041,Aria,e,3,Delivered
5192,Matthew,f,4,In Transit
5217,Penelope,g,2,Delivered
5318,Wyatt,b,1,Delayed
